{
  "prism": {
    "metrics": {
      "mrr": 0.9023506013926635,
      "recall@1": 0.854,
      "recall@5": 0.966,
      "recall@10": 0.984,
      "topic_accuracy": 0.8679999709129333,
      "mean_rank": 2.304,
      "median_rank": 1.0
    },
    "train_time": 93.64802541700192,
    "params": 11202480
  },
  "transformer": {
    "metrics": {
      "mrr": 0.9218124706562787,
      "recall@1": 0.88,
      "recall@5": 0.98,
      "recall@10": 0.992,
      "topic_accuracy": 0.8920000195503235,
      "mean_rank": 1.366,
      "median_rank": 1.0
    },
    "train_time": 38.701578542008065,
    "params": 10792704
  },
  "config": {
    "vocab_size": 1024,
    "batch_size": 32,
    "n_steps": 400,
    "lr": 0.0003,
    "seq_len_q": 64,
    "seq_len_p": 96,
    "n_eval_queries": 500,
    "corpus_size": 5000
  }
}